id,registration_date,first_name,last_name,email,phone,country
4171,2013-10-23,Teresa,Palmer,tpalmer0@nba.com,7-(152)863-5959,Russia
574,2013-03-22,Jean,Frazier,jfrazier1@illinois.edu,1-(713)637-0850,United States
33,2012-12-11,Theresa,Nelson,tnelson2@blog.com,372-(520)303-0329,Estonia
76,2012-12-15,George,Richardson,grichardson3@posterous.com,86-(532)551-4009,China
12114,2014-11-16,Matthew,Wright,mwright4@bbc.co.uk,33-(841)834-1901,France
3687,2013-10-23,Daniel,Price,dprice5@purevolume.com,373-(614)567-4596,Moldova
3341,2013-10-23,Melissa,Burns,mburns6@unicef.org,234-(268)286-5653,Nigeria
2327,2013-07-13,Jeremy,Thomas,jthomas7@disqus.com,86-(251)654-6869,China
5855,2014-03-04,Shirley,Crawford,scrawford8@yandex.ru,591-(894)711-2701,Bolivia
5122,2013-12-15,Mark,Austin,maustin9@networkadvertising.org,63-(631)953-3588,Philippines
4651,2013-10-26,Wayne,Hamilton,whamiltona@1688.com,81-(962)513-4588,Japan
618,2013-03-23,Donald,Berry,dberryb@oracle.com,46-(514)284-4973,Sweden
5017,2013-12-01,Steve,Gordon,sgordonc@g.co,62-(465)932-5747,Indonesia
10622,2014-10-17,Eric,Hudson,ehudsond@ca.gov,63-(837)225-2105,Philippines
372,2013-03-05,Jonathan,Porter,jportere@youtu.be,52-(841)994-8097,Mexico
2978,2013-09-13,Pamela,Duncan,pduncanf@t.co,86-(182)741-7763,China
16298,2015-02-06,Howard,Marshall,hmarshallg@naver.com,63-(672)580-6636,Philippines
390,2013-03-12,Christina,Sims,csimsh@mail.ru,51-(462)154-3567,Peru
3108,2013-09-29,Marilyn,Lane,mlanei@g.co,86-(790)675-9634,China
1602,2013-06-13,Sharon,Robertson,srobertsonj@time.com,55-(780)515-1400,Brazil
1244,2013-04-26,George,Ray,grayk@ucla.edu,33-(335)133-4058,France
12087,2014-11-15,James,Morris,jmorrisl@histats.com,86-(811)212-8211,China
536,2013-03-22,Christina,Hayes,chayesm@github.io,55-(825)691-3812,Brazil
9173,2014-09-25,Theresa,Ross,trossn@shareasale.com,86-(374)606-0298,China
1546,2013-06-08,Walter,Harper,wharpero@ning.com,47-(991)863-2459,Norway
24120,2015-05-27,Bobby,Torres,btorresp@weebly.com,82-(621)686-4160,South Korea
2745,2013-08-20,Juan,Payne,jpayneq@blog.com,7-(350)464-7131,Russia
11408,2014-10-31,Steve,Lewis,slewisr@nih.gov,86-(901)746-0130,China
1215,2013-04-23,Linda,Rivera,lriveras@dropbox.com,33-(790)405-7445,France
3758,2013-10-23,Arthur,Banks,abankst@dmoz.org,84-(385)888-5813,Vietnam
13175,2014-12-04,Kelly,Graham,kgrahamu@last.fm,62-(734)489-0481,Indonesia
5033,2013-12-03,Pamela,George,pgeorgev@google.pl,55-(336)736-3321,Brazil
7561,2014-07-09,Helen,Peters,hpetersw@wsj.com,52-(540)340-0337,Mexico
1118,2013-04-11,Albert,Ellis,aellisx@princeton.edu,7-(261)508-8878,Russia
3587,2013-10-23,Eugene,Long,elongy@businessinsider.com,55-(343)590-4206,Brazil
399,2013-03-15,Clarence,Little,clittlez@tripadvisor.com,33-(493)864-5000,France
15540,2015-01-21,Bobby,Morris,bmorris10@printfriendly.com,84-(267)554-3299,Vietnam
7668,2014-07-10,Andrea,Bennett,abennett11@hao123.com,351-(753)619-9937,Portugal
8695,2014-08-30,Susan,Carr,scarr12@nps.gov,358-(518)734-0905,Finland
7743,2014-07-10,Richard,Simpson,rsimpson13@ed.gov,7-(319)306-9280,Russia
11292,2014-10-29,Paul,Myers,pmyers14@list-manage.com,86-(456)215-7317,China
9133,2014-09-23,Terry,Baker,tbaker15@omniture.com,58-(965)863-2787,Venezuela
757,2013-03-25,Marilyn,Moore,mmoore16@miibeian.gov.cn,291-(964)888-7076,Eritrea
4178,2013-10-23,Louis,Anderson,landerson17@so-net.ne.jp,34-(612)421-7274,Spain
7389,2014-07-01,Jimmy,Payne,jpayne18@wordpress.org,55-(445)196-3291,Brazil
7252,2014-06-20,Sharon,Stewart,sstewart19@scientificamerican.com,62-(929)959-2644,Indonesia
6836,2014-05-25,Nicole,Jacobs,njacobs1a@kickstarter.com,86-(770)387-6582,China
7996,2014-07-24,Shawn,Graham,sgraham1b@t-online.de,351-(402)156-7479,Portugal
1359,2013-05-17,Janet,Burton,jburton1c@hugedomains.com,66-(190)573-9403,Thailand
12062,2014-11-15,Marie,Bishop,mbishop1d@hostgator.com,57-(370)820-9324,Colombia
4401,2013-10-24,Richard,Nguyen,rnguyen1e@purevolume.com,63-(369)780-2088,Philippines
5018,2013-12-01,Judith,Hughes,jhughes1f@bandcamp.com,385-(122)864-0406,Croatia
181,2013-01-24,Paul,Stewart,pstewart1g@nih.gov,86-(351)391-2620,China
2091,2013-07-04,Theresa,Nguyen,tnguyen1h@upenn.edu,48-(688)258-1760,Poland
6606,2014-04-29,Charles,Moore,cmoore1i@cdbaby.com,95-(710)626-4978,Myanmar
1112,2013-04-11,Betty,Lynch,blynch1j@nifty.com,251-(256)738-3942,Ethiopia
213,2013-01-31,Sara,Martinez,smartinez1k@wikispaces.com,86-(364)114-8169,China
4000,2013-10-23,Judith,Phillips,jphillips1l@home.pl,63-(571)138-1231,Philippines
13268,2014-12-08,Irene,Brooks,ibrooks1m@icio.us,62-(671)829-3843,Indonesia
8795,2014-09-04,Amy,Long,along1n@thetimes.co.uk,86-(656)637-3412,China
7081,2014-06-09,Ryan,Mills,rmills1o@ovh.net,92-(415)337-8340,Pakistan
5435,2014-01-27,Edward,Day,eday1p@google.nl,63-(900)801-6716,Philippines
13162,2014-12-04,Ronald,Fowler,rfowler1q@com.com,62-(922)419-8385,Indonesia
8040,2014-07-27,Teresa,Fuller,tfuller1r@about.com,380-(980)942-9036,Ukraine
806,2013-03-25,Ruby,Hawkins,rhawkins1s@engadget.com,86-(969)401-3173,China
10832,2014-10-21,Angela,Stanley,astanley1t@zimbio.com,86-(438)669-6268,China
19559,2015-04-16,Ronald,Ward,rward1u@cisco.com,86-(421)107-2623,China
7233,2014-06-20,Steve,Arnold,sarnold1v@angelfire.com,55-(114)339-0654,Brazil
1347,2013-05-17,Scott,Kelley,skelley1w@wikipedia.org,86-(460)379-1389,China
4494,2013-10-24,Marilyn,Wright,mwright1x@cmu.edu,62-(407)746-6582,Indonesia
523,2013-03-22,Keith,Willis,kwillis1y@google.com.hk,36-(294)330-0541,Hungary
1709,2013-06-24,Andrew,Perkins,aperkins1z@reference.com,48-(697)916-5383,Poland
18761,2015-03-31,Denise,Palmer,dpalmer20@mozilla.org,351-(653)695-2173,Portugal
12495,2014-11-21,Sandra,Harris,sharris21@cnbc.com,62-(510)460-0148,Indonesia
8451,2014-08-21,Jessica,Stewart,jstewart22@dagondesign.com,56-(887)884-6353,Chile
33074,2015-08-14,Karen,Chavez,kchavez23@eventbrite.com,240-(367)927-9598,Equatorial Guinea
16616,2015-02-14,Carl,Sims,csims24@com.com,33-(179)466-0031,France
8704,2014-08-31,Justin,Jordan,jjordan25@wired.com,62-(395)367-9687,Indonesia
3285,2013-10-23,Julia,Duncan,jduncan26@tuttocitta.it,62-(480)555-0335,Indonesia
11644,2014-11-10,William,Boyd,wboyd27@yellowbook.com,48-(539)644-4138,Poland
7173,2014-06-17,Frances,Ramos,framos28@discovery.com,689-(691)920-5269,French Polynesia
222,2013-02-01,Mary,Hughes,mhughes29@rakuten.co.jp,7-(823)594-7106,Russia
18482,2015-03-23,Roger,Stewart,rstewart2a@marketwatch.com,30-(176)926-0560,Greece
3605,2013-10-23,Diana,Washington,dwashington2b@cocolog-nifty.com,63-(178)847-1733,Philippines
4889,2013-11-11,Marilyn,Pierce,mpierce2c@unicef.org,47-(462)471-1436,Norway
2680,2013-08-12,Chris,Weaver,cweaver2d@go.com,63-(181)910-3109,Philippines
5534,2014-01-28,Rebecca,Hill,rhill2e@msu.edu,236-(239)607-4888,Central African Republic
31643,2015-07-24,Benjamin,Henderson,bhenderson2f@ucoz.com,374-(917)266-4812,Armenia
31679,2015-07-24,Daniel,Gardner,dgardner2g@google.com.br,33-(445)882-6021,France
31666,2015-07-24,David,Duncan,dduncan2h@acquirethisname.com,62-(326)700-7617,Indonesia
31683,2015-07-24,Heather,Cooper,hcooper2i@pcworld.com,81-(868)580-7864,Japan
31658,2015-07-24,Barbara,Young,byoung2j@google.com.hk,55-(723)632-8855,Brazil
31674,2015-07-24,Jeffrey,Cooper,jcooper2k@php.net,62-(145)747-6093,Indonesia
5823,2014-02-28,Philip,Ramos,pramos2l@issuu.com,1-(206)475-6446,United States
11693,2014-11-11,Robin,Moore,rmoore2m@nymag.com,254-(489)376-2899,Kenya
11677,2014-11-11,Diana,Ray,dray2n@feedburner.com,51-(562)722-6870,Peru
11703,2014-11-11,Steven,Gardner,sgardner2o@hubpages.com,86-(525)324-3801,China
31727,2015-07-25,Sarah,Butler,sbutler2p@examiner.com,46-(927)299-2232,Sweden
11762,2014-11-12,Marilyn,Price,mprice2q@hugedomains.com,62-(990)184-5690,Indonesia
31752,2015-07-26,Rachel,Graham,rgraham2r@jugem.jp,7-(225)415-2294,Russia
31772,2015-07-26,Benjamin,Reid,breid2s@hatena.ne.jp,86-(319)345-2486,China
31743,2015-07-26,Harry,Harvey,hharvey2t@ameblo.jp,51-(145)426-4552,Peru
31763,2015-07-26,Douglas,Collins,dcollins2u@ibm.com,33-(492)233-7627,France
31790,2015-07-26,Antonio,Ferguson,aferguson2v@yahoo.com,86-(554)736-8731,China
31768,2015-07-26,Denise,Woods,dwoods2w@g.co,967-(419)213-0695,Yemen
31753,2015-07-26,Marilyn,Jenkins,mjenkins2x@newyorker.com,62-(466)526-8993,Indonesia
31757,2015-07-26,Kathy,Wright,kwright2y@i2i.jp,33-(574)219-7728,France
11777,2014-11-13,Ronald,Gomez,rgomez2z@sogou.com,86-(852)651-0081,China
11803,2014-11-13,Julie,Davis,jdavis30@nhs.uk,86-(786)951-1743,China
11829,2014-11-13,Jack,Thompson,jthompson31@nydailynews.com,972-(992)673-6356,Israel
11835,2014-11-13,Juan,Knight,jknight32@youku.com,46-(896)624-8903,Sweden
11833,2014-11-13,Christine,Scott,cscott33@tinyurl.com,60-(197)641-3045,Malaysia
11801,2014-11-13,Julia,Burke,jburke34@ebay.com,62-(687)415-5124,Indonesia
11865,2014-11-13,Anthony,Cooper,acooper35@tumblr.com,1-(568)251-8501,Grenada
11894,2014-11-13,Douglas,Bradley,dbradley36@cloudflare.com,86-(838)539-6400,China
31791,2015-07-27,Chris,Kim,ckim37@mtv.com,7-(498)365-2451,Russia
31795,2015-07-27,Nancy,Perry,nperry38@ebay.com,223-(828)168-3354,Mali
31806,2015-07-27,Virginia,Owens,vowens39@phoca.cz,48-(155)426-5911,Poland
31821,2015-07-27,Ann,Wheeler,awheeler3a@goo.gl,62-(197)821-4669,Indonesia
31814,2015-07-27,Gloria,Hayes,ghayes3b@ehow.com,1-(258)438-5968,Canada
31840,2015-07-27,Todd,Martinez,tmartinez3c@w3.org,86-(668)206-4821,China
31824,2015-07-27,Jesse,James,jjames3d@blogtalkradio.com,389-(771)642-5123,Macedonia
31801,2015-07-27,Martha,Hawkins,mhawkins3e@alexa.com,380-(343)826-3573,Ukraine
31809,2015-07-27,Gary,Lopez,glopez3f@nsw.gov.au,7-(627)625-2054,Russia
31843,2015-07-27,Martin,Franklin,mfranklin3g@instagram.com,62-(559)823-0768,Indonesia
31858,2015-07-27,David,Ruiz,druiz3h@oracle.com,54-(612)106-9450,Argentina
31833,2015-07-27,Cynthia,Hanson,chanson3i@elpais.com,62-(913)220-9123,Indonesia
31834,2015-07-27,Russell,Evans,revans3j@sakura.ne.jp,33-(192)283-4629,France
1680,2013-06-20,Mary,Berry,mberry3k@exblog.jp,507-(831)507-0719,Panama
11938,2014-11-14,Brandon,West,bwest3l@nbcnews.com,673-(727)185-2380,Brunei
11971,2014-11-14,Jane,Gibson,jgibson3m@forbes.com,1-(827)579-7534,Canada
11935,2014-11-14,Jason,Welch,jwelch3n@engadget.com,507-(873)730-4935,Panama
31907,2015-07-28,Diane,Andrews,dandrews3o@myspace.com,423-(245)553-8997,Liechtenstein
31867,2015-07-28,Patricia,Mendoza,pmendoza3p@discuz.net,86-(475)526-4884,China
31888,2015-07-28,Janice,Kim,jkim3q@statcounter.com,51-(728)816-3282,Peru
31896,2015-07-28,Deborah,Ward,dward3r@webnode.com,220-(253)748-1349,Gambia
31863,2015-07-28,Elizabeth,Thomas,ethomas3s@vimeo.com,62-(266)640-5020,Indonesia
31871,2015-07-28,David,Carter,dcarter3t@usnews.com,1-(864)324-7717,United States
31911,2015-07-28,Walter,Cunningham,wcunningham3u@vinaora.com,86-(893)837-6853,China
31869,2015-07-28,Stephen,Palmer,spalmer3v@wsj.com,7-(327)256-7286,Russia
5851,2014-03-04,Irene,Allen,iallen3w@earthlink.net,351-(236)537-4081,Portugal
5857,2014-03-04,Charles,Jones,cjones3x@buzzfeed.com,507-(541)148-8614,Panama
12058,2014-11-15,Harold,Robinson,hrobinson3y@yale.edu,62-(812)109-6897,Indonesia
12039,2014-11-15,Helen,Stephens,hstephens3z@furl.net,256-(256)572-9296,Uganda
31925,2015-07-29,Gary,Gonzalez,ggonzalez40@wikispaces.com,86-(480)442-4619,China
31926,2015-07-29,Karen,Rice,krice41@nydailynews.com,7-(703)686-7855,Russia
31943,2015-07-29,Jerry,Washington,jwashington42@nyu.edu,420-(570)814-5952,Czech Republic
31931,2015-07-29,Lisa,Reid,lreid43@toplist.cz,86-(194)781-1907,China
5858,2014-03-05,Arthur,Stone,astone44@icio.us,970-(912)334-6536,Palestinian Territory
12096,2014-11-16,Clarence,Dixon,cdixon45@sohu.com,52-(609)230-8219,Mexico
31978,2015-07-30,Louis,Flores,lflores46@google.co.uk,62-(558)803-5592,Indonesia
32014,2015-07-30,Marilyn,Smith,msmith47@delicious.com,46-(926)914-8513,Sweden
32016,2015-07-30,Ernest,Watkins,ewatkins48@issuu.com,46-(910)669-7432,Sweden
32001,2015-07-30,Jimmy,Simpson,jsimpson49@mozilla.org,62-(588)624-7383,Indonesia
31999,2015-07-30,Daniel,Simmons,dsimmons4a@de.vu,54-(212)210-8923,Argentina
31998,2015-07-30,Julia,Hamilton,jhamilton4b@ocn.ne.jp,51-(491)302-1628,Peru
31976,2015-07-30,Teresa,Webb,twebb4c@wikipedia.org,46-(376)456-7821,Sweden
31973,2015-07-30,Helen,Ortiz,hortiz4d@baidu.com,86-(240)703-2764,China
31989,2015-07-30,Lois,Ortiz,lortiz4e@bloglovin.com,374-(719)749-2540,Armenia
12174,2014-11-17,Debra,Thomas,dthomas4f@hatena.ne.jp,63-(547)124-0117,Philippines
32056,2015-07-31,Kevin,Nelson,knelson4g@wikimedia.org,84-(404)741-3474,Vietnam
32088,2015-07-31,Lillian,Shaw,lshaw4h@disqus.com,7-(495)851-3783,Russia
32097,2015-07-31,John,Stephens,jstephens4i@goodreads.com,63-(648)511-4732,Philippines
32083,2015-07-31,Jerry,Diaz,jdiaz4j@va.gov,351-(783)860-6502,Portugal
32022,2015-07-31,Joshua,Chavez,jchavez4k@google.ca,7-(560)165-4744,Russia
32090,2015-07-31,Antonio,Perry,aperry4l@ted.com,34-(448)118-6733,Spain
32044,2015-07-31,Theresa,Fox,tfox4m@army.mil,33-(575)193-2025,France
32033,2015-07-31,Jesse,Bowman,jbowman4n@eepurl.com,62-(643)178-0420,Indonesia
32069,2015-07-31,Sharon,Alexander,salexander4o@fotki.com,86-(179)116-1189,China
32117,2015-07-31,James,Robertson,jrobertson4p@earthlink.net,46-(626)667-3614,Sweden
32067,2015-07-31,Christina,Henry,chenry4q@sfgate.com,48-(134)497-5460,Poland
32066,2015-07-31,Carolyn,Patterson,cpatterson4r@google.ru,62-(973)718-1082,Indonesia
32074,2015-07-31,Earl,Garcia,egarcia4s@discuz.net,63-(975)791-3689,Philippines
5878,2014-03-07,Cheryl,Jordan,cjordan4t@dailymotion.com,34-(711)453-1206,Spain
1726,2013-06-25,Martin,Ortiz,mortiz4u@va.gov,228-(863)748-3261,Togo
1727,2013-06-25,Steven,Hayes,shayes4v@vinaora.com,86-(918)995-7114,China
5906,2014-03-08,Susan,Scott,sscott4w@hostgator.com,1-(650)886-6665,United States
12278,2014-11-19,Cheryl,Barnes,cbarnes4x@themeforest.net,62-(627)774-3591,Indonesia
12321,2014-11-19,Earl,Rogers,erogers4y@boston.com,47-(901)712-3649,Norway
32153,2015-08-02,Amanda,Wheeler,awheeler4z@disqus.com,351-(524)207-3149,Portugal
32147,2015-08-02,Beverly,Powell,bpowell50@hibu.com,355-(657)525-8906,Albania
32151,2015-08-02,Andrea,Porter,aporter51@who.int,46-(378)402-0851,Sweden
32154,2015-08-02,Timothy,Stone,tstone52@squarespace.com,63-(216)607-4494,Philippines
32152,2015-08-02,Louis,Perez,lperez53@geocities.jp,86-(933)618-8271,China
32168,2015-08-02,Tina,Edwards,tedwards54@miitbeian.gov.cn,86-(135)117-7565,China
32139,2015-08-02,Juan,Collins,jcollins55@shinystat.com,84-(277)791-3786,Vietnam
32158,2015-08-02,George,Thomas,gthomas56@alibaba.com,86-(197)711-1239,China
32136,2015-08-02,Ashley,Young,ayoung57@thetimes.co.uk,249-(612)583-0544,Sudan
32163,2015-08-02,Sandra,Hicks,shicks58@netscape.com,66-(862)620-2481,Thailand
1741,2013-06-26,Judith,Jones,jjones59@weebly.com,86-(826)273-9514,China
12339,2014-11-20,Donna,Medina,dmedina5a@wisc.edu,62-(569)735-1480,Indonesia
12343,2014-11-20,Bobby,Rice,brice5b@japanpost.jp,62-(424)570-8184,Indonesia
12325,2014-11-20,George,Rodriguez,grodriguez5c@go.com,351-(391)254-0937,Portugal
12340,2014-11-20,Anthony,Torres,atorres5d@oakley.com,86-(807)938-1526,China
12326,2014-11-20,Martin,Bishop,mbishop5e@example.com,7-(608)409-4427,Russia
32205,2015-08-03,Billy,Martin,bmartin5f@msn.com,64-(138)905-7259,New Zealand
32180,2015-08-03,Virginia,Johnson,vjohnson5g@bloomberg.com,507-(769)181-6385,Panama
32176,2015-08-03,Dennis,Diaz,ddiaz5h@hud.gov,234-(581)832-7456,Nigeria
32169,2015-08-03,Carolyn,Meyer,cmeyer5i@list-manage.com,993-(844)710-9875,Turkmenistan
32179,2015-08-03,Gloria,Black,gblack5j@flavors.me,86-(660)207-4102,China
32186,2015-08-03,Brandon,Jenkins,bjenkins5k@mysql.com,62-(478)856-5032,Indonesia
32175,2015-08-03,Jack,Berry,jberry5l@blogs.com,242-(884)804-7658,Democratic Republic of the Congo
1753,2013-06-27,Lawrence,Wheeler,lwheeler5m@nbcnews.com,63-(590)991-1140,Philippines
1760,2013-06-27,Nicholas,Parker,nparker5n@edublogs.org,46-(732)715-0780,Sweden
32248,2015-08-04,Linda,Black,lblack5o@dmoz.org,66-(388)943-7762,Thailand
32232,2015-08-04,Kathleen,Harris,kharris5p@businesswire.com,51-(265)688-2350,Peru
32243,2015-08-04,Alice,Stephens,astephens5q@webmd.com,256-(127)176-3185,Uganda
32218,2015-08-04,Evelyn,Harvey,eharvey5r@domainmarket.com,33-(945)287-0983,France
32219,2015-08-04,Tina,Bell,tbell5s@nbcnews.com,86-(310)275-2504,China
32259,2015-08-04,Jerry,Jacobs,jjacobs5t@sourceforge.net,55-(475)553-3545,Brazil
32268,2015-08-04,Ralph,Sullivan,rsullivan5u@is.gd,86-(523)973-6120,China
32266,2015-08-04,Robin,Riley,rriley5v@yahoo.com,53-(716)392-9995,Cuba
32229,2015-08-04,Ruby,Mitchell,rmitchell5w@ted.com,872-(776)245-1956,Pitcairn
32284,2015-08-04,Virginia,Hamilton,vhamilton5x@ftc.gov,351-(881)866-2173,Portugal
32234,2015-08-04,David,Bryant,dbryant5y@blogtalkradio.com,86-(567)315-5697,China
12508,2014-11-22,Scott,Mendoza,smendoza5z@skyrock.com,62-(558)556-9921,Indonesia
12525,2014-11-22,Aaron,Hunter,ahunter60@blogspot.com,62-(673)917-8513,Indonesia
12516,2014-11-22,Sharon,Ellis,sellis61@unesco.org,63-(768)279-8119,Philippines
32353,2015-08-05,Stephanie,Watkins,swatkins62@slashdot.org,53-(504)124-3840,Cuba
32320,2015-08-05,Joshua,Medina,jmedina63@livejournal.com,46-(933)973-8758,Sweden
32307,2015-08-05,Doris,Richards,drichards64@ehow.com,82-(155)455-7692,South Korea
32345,2015-08-05,Carl,Stephens,cstephens65@earthlink.net,81-(988)179-8692,Japan
32361,2015-08-05,Jane,Jacobs,jjacobs66@globo.com,47-(600)720-7496,Norway
32332,2015-08-05,Jack,Boyd,jboyd68@t-online.de,60-(649)252-0877,Malaysia
32310,2015-08-05,Gerald,Howard,ghoward69@techcrunch.com,55-(650)743-6317,Brazil
32333,2015-08-05,Jean,Barnes,jbarnes6a@seesaa.net,86-(293)406-8786,China
32292,2015-08-05,Donna,Fowler,dfowler6b@goo.gl,86-(764)546-0068,China
32286,2015-08-05,Eric,Montgomery,emontgomery6c@adobe.com,81-(934)813-6787,Japan
32291,2015-08-05,Donald,Rice,drice6d@godaddy.com,66-(176)397-9282,Thailand
32343,2015-08-05,Todd,Wells,twells6e@scribd.com,62-(304)838-7412,Indonesia
32355,2015-08-05,Bonnie,Kelley,bkelley6f@drupal.org,56-(942)946-7849,Chile
32359,2015-08-05,Sean,Austin,saustin6g@princeton.edu,63-(961)420-3409,Philippines
32287,2015-08-05,Antonio,Marshall,amarshall6h@de.vu,352-(222)562-8229,Luxembourg
32317,2015-08-05,Scott,Harrison,sharrison6i@symantec.com,237-(426)286-7154,Cameroon
32316,2015-08-05,Janice,Kim,jkim6j@ibm.com,351-(798)142-4230,Portugal
32344,2015-08-05,Bonnie,Palmer,bpalmer6k@sciencedirect.com,84-(678)231-2367,Vietnam
1781,2013-06-29,Harold,Shaw,hshaw6l@abc.net.au,351-(711)363-4298,Portugal
12569,2014-11-23,Kevin,Gardner,kgardner6m@gravatar.com,504-(427)436-7236,Honduras
12577,2014-11-23,James,Jenkins,jjenkins6n@japanpost.jp,57-(948)201-1829,Colombia
32420,2015-08-06,Scott,Payne,spayne6o@fema.gov,86-(859)129-4954,China
32434,2015-08-06,Russell,Day,rday6p@ovh.net,46-(535)853-7580,Sweden
32443,2015-08-06,Heather,Brown,hbrown6q@ca.gov,86-(146)673-0743,China
32396,2015-08-06,Emily,Gibson,egibson6r@sina.com.cn,505-(173)775-5860,Nicaragua
32440,2015-08-06,Paula,Brown,pbrown6s@businessweek.com,63-(568)258-1947,Philippines
32413,2015-08-06,Lois,Price,lprice6t@zimbio.com,218-(152)886-0449,Libya
32365,2015-08-06,Andrea,Tucker,atucker6u@gov.uk,63-(557)330-4899,Philippines
32388,2015-08-06,Judith,Bowman,jbowman6v@sbwire.com,46-(690)619-8862,Sweden
32366,2015-08-06,Irene,Stevens,istevens6w@wisc.edu,62-(546)359-7777,Indonesia
32371,2015-08-06,Evelyn,Schmidt,eschmidt6x@google.fr,62-(720)691-6931,Indonesia
32369,2015-08-06,Antonio,Rodriguez,arodriguez6y@prweb.com,291-(764)424-3405,Eritrea
32381,2015-08-06,Walter,Armstrong,warmstrong6z@eepurl.com,86-(491)962-4663,China
32453,2015-08-06,Kathy,Hill,khill70@issuu.com,351-(839)688-8475,Portugal
32364,2015-08-06,Sandra,Parker,sparker71@vistaprint.com,55-(388)429-0012,Brazil
32397,2015-08-06,Cynthia,Carroll,ccarroll72@baidu.com,382-(176)659-0454,Montenegro
12616,2014-11-24,John,Payne,jpayne73@opensource.org,47-(860)611-5533,Norway
12618,2014-11-24,Ashley,Sanchez,asanchez74@plala.or.jp,86-(245)892-3527,China
32507,2015-08-07,Ronald,Carr,rcarr75@wix.com,351-(883)747-5066,Portugal
32479,2015-08-07,Carolyn,Black,cblack76@netscape.com,45-(266)355-5212,Denmark
32462,2015-08-07,Samuel,Richards,srichards77@sina.com.cn,84-(755)385-4199,Vietnam
32478,2015-08-07,Linda,Palmer,lpalmer78@google.fr,995-(492)176-7162,Georgia
32501,2015-08-07,Arthur,Bradley,abradley79@shop-pro.jp,351-(498)814-4564,Portugal
32505,2015-08-07,Denise,Gilbert,dgilbert7a@sogou.com,62-(653)888-8750,Indonesia
32509,2015-08-07,Michelle,Lewis,mlewis7b@china.com.cn,62-(420)740-0190,Indonesia
32515,2015-08-07,Sara,Hunt,shunt7c@hibu.com,7-(817)107-7587,Russia
32492,2015-08-07,Earl,Kelley,ekelley7d@irs.gov,420-(290)588-5273,Czech Republic
32514,2015-08-07,Nicholas,Clark,nclark7e@dropbox.com,351-(155)744-7437,Portugal
32473,2015-08-07,Juan,Bradley,jbradley7f@seesaa.net,359-(306)121-3346,Bulgaria
32510,2015-08-07,Rebecca,Bailey,rbailey7g@phoca.cz,51-(592)223-0363,Peru
32483,2015-08-07,Cheryl,Baker,cbaker7h@reference.com,62-(816)473-9789,Indonesia
32502,2015-08-07,Jane,Rodriguez,jrodriguez7i@army.mil,55-(330)777-7847,Brazil
5961,2014-03-14,Marie,Chapman,mchapman7j@seattletimes.com,86-(482)615-2136,China
32518,2015-08-08,Paula,White,pwhite7k@domainmarket.com,1-(253)839-1032,United States
32541,2015-08-08,Shawn,Oliver,soliver7l@ow.ly,256-(718)966-0430,Uganda
32519,2015-08-08,Ashley,Cruz,acruz7m@ted.com,86-(690)438-0443,China
32526,2015-08-08,Timothy,Andrews,tandrews7n@gravatar.com,33-(281)670-2886,France
32523,2015-08-08,Catherine,Stevens,cstevens7o@usda.gov,66-(884)557-1229,Thailand
32525,2015-08-08,Larry,Warren,lwarren7p@scribd.com,55-(486)649-8316,Brazil
32536,2015-08-08,Virginia,Franklin,vfranklin7q@xing.com,1-(305)709-6156,United States
12726,2014-11-26,James,Riley,jriley7r@ehow.com,48-(567)912-9538,Poland
12760,2014-11-26,Ernest,Oliver,eoliver7s@ox.ac.uk,27-(123)612-5382,South Africa
32543,2015-08-09,Diana,Richardson,drichardson7t@ca.gov,48-(805)393-1859,Poland
32544,2015-08-09,Douglas,Rivera,drivera7u@live.com,385-(516)908-0702,Croatia
32561,2015-08-09,Lillian,Moore,lmoore7v@netscape.com,58-(436)237-8059,Venezuela
32551,2015-08-09,Pamela,Thomas,pthomas7w@washington.edu,86-(937)130-0325,China
32559,2015-08-09,Betty,Mcdonald,bmcdonald7x@deviantart.com,357-(346)598-0054,Cyprus
1852,2013-07-03,Susan,Martinez,smartinez7y@globo.com,63-(788)112-7435,Philippines
1842,2013-07-03,Sean,Black,sblack7z@paginegialle.it,63-(182)333-7730,Philippines
1814,2013-07-03,Kimberly,Jordan,kjordan80@gov.uk,86-(504)721-3500,China
1815,2013-07-03,Arthur,Mills,amills81@privacy.gov.au,62-(674)833-9761,Indonesia
1835,2013-07-03,Patrick,Barnes,pbarnes82@zimbio.com,380-(309)959-2817,Ukraine
12832,2014-11-27,Donald,White,dwhite83@mlb.com,62-(331)537-6082,Indonesia
32599,2015-08-10,Howard,Boyd,hboyd84@nbcnews.com,41-(426)325-3653,Switzerland
32584,2015-08-10,Paul,Weaver,pweaver85@earthlink.net,60-(591)891-7398,Malaysia
32587,2015-08-10,Janet,Smith,jsmith86@fc2.com,55-(426)195-6196,Brazil
32604,2015-08-10,Phyllis,Barnes,pbarnes87@cbsnews.com,1-(813)671-2100,United States
32605,2015-08-10,Julia,Cruz,jcruz88@dedecms.com,1-(834)374-0580,Dominican Republic
32591,2015-08-10,Denise,Chavez,dchavez89@state.tx.us,62-(497)937-7677,Indonesia
32570,2015-08-10,Sharon,Payne,spayne8a@wikia.com,86-(173)548-4271,China
32577,2015-08-10,Gregory,Nguyen,gnguyen8b@wisc.edu,7-(865)895-1247,Russia
32566,2015-08-10,Marilyn,Richardson,mrichardson8c@epa.gov,55-(883)343-9342,Brazil
2076,2013-07-04,Jeremy,Duncan,jduncan8d@mapquest.com,1-(714)739-8847,United States
2049,2013-07-04,Mary,Stone,mstone8e@pagesperso-orange.fr,55-(678)461-5318,Brazil
32622,2015-08-11,Judith,Wilson,jwilson8f@reddit.com,66-(803)102-5996,Thailand
32634,2015-08-11,Mildred,Wheeler,mwheeler8g@uol.com.br,30-(605)215-8180,Greece
32635,2015-08-11,Sandra,Perkins,sperkins8h@imdb.com,86-(490)378-7226,China
32616,2015-08-11,Jimmy,Knight,jknight8i@fda.gov,48-(974)214-1632,Poland
32624,2015-08-11,Jessica,Peterson,jpeterson8j@seattletimes.com,45-(347)378-3257,Denmark
32628,2015-08-11,Gerald,Fuller,gfuller8k@indiatimes.com,30-(823)884-2633,Greece
32629,2015-08-11,Benjamin,Welch,bwelch8l@europa.eu,234-(107)794-3375,Nigeria
32621,2015-08-11,Peter,Clark,pclark8m@fc2.com,55-(606)802-3562,Brazil
32633,2015-08-11,Kathleen,Miller,kmiller8n@patch.com,57-(400)281-5207,Colombia
2159,2013-07-05,Carolyn,Duncan,cduncan8o@geocities.com,86-(645)400-5281,China
12926,2014-11-29,Brenda,Perez,bperez8p@ed.gov,7-(144)627-2773,Russia
32640,2015-08-12,Katherine,Burton,kburton8q@multiply.com,86-(729)226-1997,China
32684,2015-08-12,Teresa,Bennett,tbennett8r@naver.com,57-(637)742-1877,Colombia
32667,2015-08-12,Aaron,Crawford,acrawford8s@xinhuanet.com,351-(834)440-8037,Portugal